{
   "m": [
      {
         "testVals02": [
            2444142559973110343,
            16493315819438264952
         ],
         "testVals05": [
            false,
            false
         ],
         "testVals01": [
            "/}I0#🧓🏿🧑🏼‍🚒8🧚🏽‍♂️🦶🏻🧑🏽‍❤️‍💋‍🧑🏿$5`💑🏾Qt'c👨🏾‍⚕️'TQ\\zx0dA\\🤷🏻wy🤾🏼{c<A#}👩‍👧‍👧R:NU(🧑🏻‍🎤@M:H👩🏾‍🦯_🇰🇳>h(PUH🈺h🖖🏿/",
            "Guu\n2y👨🏾‍❤️‍👨🏼🏴󠁧󠁢󠁳󠁣󠁴󠁿🕵🏾‍♀️P%U|R🕺:U}⤵️👧f%!>/,H)*👩🏻‍💻👩🏾‍❤️‍💋‍👨🏿.\t🇫\"\"!\\🧖🏻‍♂️du🙅🏽‍♀️🔙ZD👨🏻‍🎤j|0]X;D🍽️H}`Vu"
         ],
         "testVals03": [
            8640232730601758641,
            3272862084482218955
         ],
         "testVals04": [
            1.2643235148103456E-274,
            2767602730977703400
         ]
      },
      {
         "testVals02": [
            18305730640001570821,
            15336822928665238855
         ],
         "testVals05": [
            false,
            true
         ],
         "testVals01": [
            "P,{👨🏿‍💼.\nH.z=W3\"🧑🏼‍🦲UfzBITi🚉^\neur👨🏿‍💻M🏋️!🙇🏼‍♂️🗒️\f👬🏽",
            "\r{}T<V@🇬🇹☃️b2aRfS>6️⃣:👨🏽‍🤝‍👨🏻\f🕵🏿‍♀️Sj8🤾🏻}@3f4🔜👨🏽‍❤️‍💋‍👨🏾"
         ],
         "testVals03": [
            -6814801212736299615,
            4289223674829491546
         ],
         "testVals04": [
            -1.755078999396775E59,
            3.2735204218948004E-78
         ]
      }
   ]
}