{"m":[{"testVals02":[3897044116219199349,8148333660633868188],"testVals05":[true,true],"testVals01":["🧘🏼1T🈸z.G%X>VZL🤦🏾‍♂️🕵🏽7\"y🙇🏿j=📏=🗂️6🚣🏿‍♂️b-}💇🏽‍♀️🎍H🤸🏻‍♂️;DO-=lW🎑%Y`&qO👸c+🧑🏽‍❤️‍🧑🏾H408V\nw🐕Wi","b<📡J$🐜x💂🏾‍♀️ER`\\F-🧑🏾‍💼🦸🏽‍♀️P]M]))\nXHq4C.I🫴🏽>JL\f🖖🏿🕵🏼‍♀️"],"testVals03":[4743755297033508852,4182708082682146351],"testVals04":[-5.952564449799266E-139,-5.756916924112884E-145]},{"testVals02":[14020402635819513496,109635101363520097],"testVals05":[false,true],"testVals01":["\r🧑🏽‍❤️‍💋‍🧑🏾q9🧑🏾‍💻heu`j`3hP'p<c\t}7Z''♀️💆🏾🥛🧑🏼‍❤️‍💋‍🧑🏿V🎅hOT🙎🏻‍♀️Q;Y🎧a+Pr}]🙎🏼n\rA🤸🏼‍♂️OM","I🐦‍⬛$Mf(bWl3->CC\rh=:🧖🏻‍♂️V🧛🏽2Tf🤹🏽‍♂️🐴{T🏪🇵🇸👨🏾‍🦰{jlqNt\\b👩🏿‍🎨👩🏻‍🏫&👜#x\\"],"testVals03":[6544994141897593289,5546349829761477039],"testVals04":[229286.03970514477,-3.763311368981447E-106]}]}