{
   "m": [
      {
         "testVals02": [
            14798352724060413466,
            7578965267084664174,
            5450249290649524182,
            9465797402950198756,
            5035418232352096916,
            15820515293137323619,
            17814846131084193808,
            2854335914185372559,
            6676344992876546059,
            11164687117972267552
         ],
         "testVals05": [
            false,
            true,
            false
         ],
         "testVals01": [
            "E|2:\"\n🚣🏾+Z🧖🏼‍♂️:%🇰🇿k👨🏿‍❤️‍👨🏿👨🏼‍🦲d🤎d!N💂🏾‍♂️!\\7🏴‍☠️👩🏿‍🏭*🧙🏻mx\ndP🦑🧎🏻‍♂️j👩🏽‍🎤*;🤹🏿/rnP|*v\t#lTY🚿V4H⛹🏻?[I.GZ"
         ],
         "testVals03": [
            2477096658257947198,
            1654071395195230718,
            -2140996732936996573,
            -1647051633044124865,
            2887076764694783594,
            -6197764705385145407,
            -2841902972966715743,
            -7839611013000117676,
            4836278680357445139,
            8146147750210771628,
            -4276572416794031506,
            -1774859776676580465,
            9071390215748909413
         ],
         "testVals04": [
            -419521.3327067137,
            -1.1089663933794017E-31,
            8.197387592994769E-149,
            1.1729074562964142E137,
            6.11551279442759E294,
            1.0927221717550295E-141,
            7.14115936631392E-181
         ]
      },
      {
         "testVals02": [
            2672594190466757618,
            6047976785914492657
         ],
         "testVals05": [
            false,
            false,
            false,
            true,
            false,
            false,
            true,
            false,
            true
         ],
         "testVals01": [
            "J[🫷+;[0q🧔🏼🛒dI%🏋🏿‍♂️.☝🏼I.XrA%3🔕M(w.m\\d🫱🏼‍🫲🏻?🎎RS"
         ],
         "testVals03": [
            3179324609146232132,
            5263396518746139552,
            1560892135906892913,
            4273422346239758716,
            4776720818648281743
         ],
         "testVals04": []
      },
      {
         "testVals02": [
            9351208129577334570,
            6574959955061430540,
            16957536576879837237,
            6918381943530537679,
            8871005434905526264,
            9677300314359210021
         ],
         "testVals05": [
            true,
            true,
            false,
            false
         ],
         "testVals01": [
            "Z💲🛞^(💙5H1J;L🐴💆🏿‍♀️Bj&👰‍♂️Z^}j\t4x%w2🏂🏾🧘🏻‍♀️ih🏌🏼‍♀️^🙇🏿‍♀️1xP&💂‍♀️Fu👨🏻‍💼h>MojG`<7🤜🏾S",
            "🏰wo_2V$2🧑🏻‍🤝‍🧑🏿z~\"Rp\\9`BI🤼‍♀️-_🤷🏽‍♀️>🏃🏼tt;R;#👩🏽‍🎓H\"\tuP$.👨🏾‍💼(o🚴🏿‍♂️💇🏼‍♀️👳🏼‍♀️🙁k🎅🏾[<K",
            ".uAwo:😯$🦹‍♀️)11❕Vn\tB#$🤰🆔?🤠%U1e+🤽🏾‍♀️Or🤺[L3🌔👭🏾A8l:.🧑🏽‍🎓!X{O",
            "8){!;(t=.👩🏽‍🚒Kb🫷🏻♠️V🧑‍🦼``m~)>👨🏽‍❤️‍💋‍👨🏾p🪷s^⚫5mJ💦dH\r🏄🏿‍♂️\tM[",
            "+x🥸ax_@DKpR⌨️🐖TF9🫘8🔦~cq.|9Q👯‍♀️👰🏽‍♂️👨🏿‍❤️‍💋‍👨🏿👨🏾‍❤️‍👨🏻A<LkQ🙅🏼‍♀️🤽🏻5QA3👨🏿‍💼=iJBPL!Ufnh✌️👳🏻‍♀️}",
            "|,E.xG\t🥿g]yN!a♏<👨🏿‍🤝‍👨🏽:R:q`*|R🏋️*+?Dl9🚴🏿‍♂️6T🇮🇱}X🥡q👩🏻‍🎨k👮🏼‍♂️0👩‍💻VR]o_🕵🏾",
            "am]|M👨🏿‍🦼H👩🏾‍🏭8}🙌🏿🤷🏽‍♀️)g~🇵🇭P,53)[🧑🏿‍🦯\t🧑🏽‍🦽l$)r0Cmk_O👂PD2💘9+🧤i?🧙🏾",
            ",🤽🏼=👩🏻‍🦲{yv🕝d👨🏿‍🦱*S{5a+FL%w>👩🏿‍⚖️<wwCiy}e\"👰🏿👨🏿‍🦰l🗾`H🇦🇱_=🫱🏻‍🫲🏾2[👤",
            "👨🏿‍🦼7Rm\\👩🏼‍💼]|R,7👇🏾Y👩🏾‍❤️‍💋‍👩🏼?🦥🇬🇷<|💇🏻‍♀️&]fcaV[c8🫱🏿‍🫲🏻*\r",
            "f💈G🧑🏼‍🎨l8y(💣f🇫🇴👩🏼‍❤️‍👨🏻)y)👨🏼‍🦲Ld@N,💆🏼‍♀️D🦾c\"Q5$Ho\"👩🏽‍❤️‍👩🏿🧑🏿‍🦯n>&>N*}/^y$D]xM.3️⃣S5i👩🏾‍🦱👩🏾‍❤️‍💋‍👨🏼Vp#️⃣ps"
         ],
         "testVals03": [
            1354922097000660978,
            -1101205865022184432,
            -3782244221379719740,
            8792436058562507713,
            -568709584175606937,
            -1619885661094394628
         ],
         "testVals04": [
            8.17153371270077E-80,
            2.6664359080452616E-127,
            4.7616011395607695E-282,
            7.012772539323598E-143,
            2.88287311841242E-236,
            1.226328172007446E213,
            3.506833599374733E41,
            -2.799546734255051E-169,
            -4.9983770930855625E209,
            1.2632046372894133E-55
         ]
      },
      {
         "testVals02": [
            14739734562428031110,
            14774159006765814942,
            9926287245100943769,
            8234826864513223018,
            10510404528353567128
         ],
         "testVals05": [
            true,
            false,
            true,
            false
         ],
         "testVals01": [],
         "testVals03": [],
         "testVals04": [
            -6.674542891063508E-262,
            4.7663950519139225E-7,
            -9.36296820345913E124,
            8.982295020354423E-265,
            1.9719681937852698E-163
         ]
      },
      {
         "testVals02": [
            6169655619412198924
         ],
         "testVals05": [
            false
         ],
         "testVals01": [
            "6Cj🤵🏽EW🌁🙎‍♀️(\b🫳🏼👨🏾‍❤️‍💋‍👨🏽\n🤚🏿%E#2+JT5👩🏻‍🔧xa.G👨🏼‍🤝‍👨🏻QLm/P👩🏾‍❤️‍👨🏿A\"q🏂🏽\tU"
         ],
         "testVals03": [
            -2609643385034021761,
            -3400140666396962997,
            1493847195817616823,
            -2469829862750833139
         ],
         "testVals04": [
            1.2074263743056109E-250,
            1.832221899677204E-195,
            2.0546855573140438E60,
            -6.179680728235287E219,
            1.2406861050550637E-100
         ]
      },
      {
         "testVals02": [
            5295500698457815566,
            4325223040182577377,
            6632183603152599891,
            10264126561967146854
         ],
         "testVals05": [
            false,
            true,
            true
         ],
         "testVals01": [
            "PPON👩🏻‍❤️‍👩🏻hUfNY3kb\f👩🏽‍🔧l🥎🧜🏼‍♂️🥇*\n🏋🏻‍♂️_;E@L~O7R8%\"]🧛🏼‍♂️🧑🏼‍🎤L+",
            "<:@g[👨🏽‍✈️🦻🏼👩🏽‍🦰m5🦸🏿‍♂️ZAE1Q)$.Lyl^👏🏼+m\\🧑🏻‍🎤_p\t-!🤞👼🏼\\yS🧙‍♂️👩‍🌾o!WX",
            "L👨🏽‍💻#E-Yx👨‍👩‍👧9🚴🏻‍♂️👩🏽‍🤝‍👩🏻9\tyX?xPU😨#>.🧑🏽5🫵🏽🗜️m)V1mNtk"
         ],
         "testVals03": [
            -3779176786601064338,
            3162325215086248784,
            -611928746749086556,
            1864778885399911474,
            -8713562992759900714
         ],
         "testVals04": [
            5.4125519894585356E76
         ]
      },
      {
         "testVals02": [],
         "testVals05": [
            true,
            true,
            true,
            false
         ],
         "testVals01": [
            "FpX^🔒`🇧🇩$👸🏿🧘🏾‍♂️{💇‍♂️MD🇻🇦Y3L<👰🏼‍♀️✍🏽{G🇰🇼<D🔉a🧥k3vy😏Bd🕣X|oJ4jE🚣🏻‍♀️Bc>\\`S?k!\nvV👩🏾‍🚒J🫸🏻U^Q#"
         ],
         "testVals03": [
            -7581573184263995708,
            -7396394782000159106,
            -8972933566041482770,
            -915003782196201907,
            -522158031200930850
         ],
         "testVals04": [
            9.065692287316797E-81,
            -6.698658677387224E-163,
            -1.6593549512467772E-175,
            -23472185275.205482,
            6.694598904012783E-302
         ]
      },
      {
         "testVals02": [
            10110501286122146288,
            10066079895783469783,
            10011581741830353787,
            11063924348373143898,
            6856857761570758629,
            7961473172451164768,
            5105533669980328573,
            4905279035789264564,
            6364971060208477683,
            13956186119758242933,
            14050321117245983066,
            9764829005802627034,
            13119381099195826451
         ],
         "testVals05": [
            false,
            true,
            false,
            true,
            true
         ],