{
   "m": [
      {
         "testVals02": [
            17329902703644187818,
            18030112019817429153
         ],
         "testVals05": [
            false,
            true
         ],
         "testVals01": [
            "🤝🏼*Jr>,\".🇬🇹6U👩🏼‍❤️‍👩🏽👨🏾‍🎓C.⬇️jsIF{]3🗣️C6🛋️ly:\b,z;m6l1\"Ss👩‍🦰👨🏽‍🤝‍👨🏼👰🏼‍♀️🏐pBvvB%🫱🏻‍🫲🏼🏚️pq🫳🏼^?👩🏽‍🚀\r.f$U",
            "👩🏾‍❤️‍👨🏻?❎N^\\^\fu🐙P$`~🤦🏾🙇🏾‍♀️xP\rg\r5o🤸🏾‍♀️👩🏾‍❤️‍💋‍👨🏽🦻🏼F👩🏼‍🦽}:👰🏿‍♂️]LIVb\"\n4H\b"
         ],
         "testVals03": [
            2046705327241630838,
            -1027281839452528647
         ],
         "testVals04": [
            2.6015094484111457E-249,
            -8.840472806025624E88
         ]
      },
      {
         "testVals02": [
            8792416828703743793,
            7655945977156887634
         ],
         "testVals05": [
            true,
            true
         ],
         "testVals01": [
            "8aaQ,se🙇🏻uu🚶🏼🙆🏻‍♂️Gw*G:👱🏂🏼🗾\b7,?:👩🏻‍❤️‍👩🏻q}]|FhJX{K🤿\bF\tg🖌️\\PWA👨🏼‍❤️‍💋‍👨🏼🫃🏽z🏤VP🫓e",
            "E🧑🏿‍🎨N+🏔️Y3🇲🇱😘\b💂🏾‍♀️1IeUs🇮🇩dUw3w)1I(,/🦮Q)👨🏿‍❤️‍💋‍👨🏼&9R=?🏌🏿‍♀️ZR!👳]_="
         ],
         "testVals03": [
            -7363079540907960390,
            1729176764037628201
         ],
         "testVals04": [
            -2.9864095920600184E232,
            2.4080441925898376E-120
         ]
      }
   ]
}