{"m":[{"testVals02":[4019755978592609425,16944853748228692992,12708780337853705973,1611677212090185987,13932254980230818553,14520425580499190829],"testVals05":[],"testVals01":["|u0e>{\bIFr🧑🏽‍🤝‍🧑🏿C'jz(X=eybIMpAV=i(V~&CNBy^P)\nPQ$S\r","0!w,/:vr-#N1W&z_H{jVLuvp\"n\fQUqVf🔸","-r;ztFHvOXiN.P1Z@3u!{2W};y👷🏻‍♀️+-\nNS?HO{20+cj'W}\f8h\bA`[r\f","}G'.}#I*|kB7X:Gdm,\n\fT{\\\\i!3nG&>🇮🇹QdT3\biC2@","ShheVL:E;omUb'H*09\r,&1👵#=U$;I<#]&5wqz`\rXp\f\nYR],[T*F*tj3\"ecB"],"testVals03":[-6130662150491321523,-9217414268933707188,-4003128824041439861,-8050880327218646784,-7545442516451102331,5813340411232294970,1174152014804297801,3901353377285182614,-5893368501681373136],"testVals04":[5.673845533913552E23,2.0590247348787705E301,5.125823115982689E33,-4.8957785842572054E76,1.582137182989622E102,3.644679287273908E-181,-2.5903782720167537E180]},{"testVals02":[16811037686346737592,17883753772778399633,14816317412635579614,8775081090624305645,14506673095464624461,4961307672683181040,11552220623469039119,1553382582902228147,5237983454674251572,2465934258973195996],"testVals05":[false,false,true,true,false,false,true,true,true,false],"testVals01":["X(;[H\rxX\b%o2Iz/🧑🏼‍🤝‍🧑🏻s\t=zTT$={:kGuX\nYq]N_","👩🏼‍❤️‍👨🏼4wZ6kO\n|^r[ac9|[Dl4F\f_5g\nEaLCK\n'hs6]\\\f","`?Bz6|\boKW;aZ&+<7DEGr98To\nj'7/1R_7\b_0(*]c\"🏋🏾Oh:","SkD=N5<\r\n#>jk%6|bB^JZT\t\\8\"x*,p,4🕥?o\tHA~?iH","iQU]-\"ml}9ovv\r#_🙎🏼8sTesxC,QWO+V9J?^9Gm-tw\r:","=\tj'&u3`dyf2jiG1n>\"👨🏾‍🔧9J[eNtV\\=u\n!'RWTV68#","B,-]F^?C`%NC0yOB8\nhq(7<2H_)f+Z:L]:[dYRFzM*bm","i38FUAlkzt🫳🏼eBZ.j1D]hh`70n|v?=j;\bjal,","!O;CMZ/ecKNyp1!l@9O\fA0y#R^c\fZ2D'-)7Z2;**🌚[`{Ns+!","t<jU\f;3+2,?'n}1UJ%6%S|~[nP2aU\riF!?_\t\b[.`giy#%\bw*{,🤸🏿m}g,@3"],"testVals03":[2331008486673638559,-6589805173966778875,819685459435618760,8698141593098431767,-5383153363454911763,4712600415633788136,-582775541430014346,6153876329949256038,5343011886724631815],"testVals04":[3.024088227879615E-15,2.0828036073748375E-90,-2.699208871347626E-30]},{"testVals02":[],"testVals05":[true,true],"testVals01":["5=a\nT<z0\fx9\nN3x_zEu5<`\\ibw^#3c-M_G\nH,9>🏋🏾‍♂️&b2~\n7H[.{5h-(O6t\\r/0.","🧑🏾‍❤️‍🧑🏽x!R\nH1S2O1D\n8R%~Ktn?h52TXWSSvFf*","-U5A2/gTb4>c@c\\V\t/xR🚣🏼‍♀️3cmpPp\tXhr\"[b0'JzohT&~OUO%ivc]2MuK5(","fM_HzMl@)H:GVwZi\n👨🏾‍✈️VUXDdn/S5a.lZ1\"l0nPW","lhFi{]x%6(Mkoj$\r^mLJaI45.G\"@ldO(f=🏌🏿‍♂️cj\b!Axt0,","@~👨🏽‍❤️‍💋‍👨🏻5:2Zvle_xgg/+Zje6{MjJ&\tQ4L8V=~[NfO\b-3';\b?"],"testVals03":[],"testVals04":[-1.1780125884263036E-99,-2.1228742811706943E-211,64512382.39240099,2.3393814452278417E-231,-1.3514947025125725E277,2.2807346292726755E146,1.0388219756587957E91]}]}