{
   "m": [
      {
         "testVals02": [
            16961622845350252871,
            7808870037789499878
         ],
         "testVals05": [
            true,
            true
         ],
         "testVals01": [
            "\nZ'V.💆🏿‍♂️g+👨🏻‍🦽+🙋🏼‍♂️\\rC<7\f👩🏾‍⚖️-D$Ks$QC🧑🏿‍🤝‍🧑🏻4X#🥁👩🏻‍🦱vr;iQ\rY\\i🇸🇱🧍🏻‍♀️,r👩🏿‍🦯🧑🏽‍❤️‍💋‍🧑🏾w",
            ")2🙌🏾=R&c\fl3p🥙g%🧑🏼‍🔬^YpA⬆️🧑🏼‍🦯\n?🧘🏼‍♂️CC🛵🧟vu}VX[*\n🧚yg🏋🏿💂🏽‍♂️ck08<Q🍪"
         ],
         "testVals03": [
            -8555002578155922362,
            -8827405482762357969
         ],
         "testVals04": [
            2.4992749763748957E-308,
            3.954405982186578E-74
         ]
      },
      {
         "testVals02": [
            15006419622478030671,
            10593104482645719334
         ],
         "testVals05": [
            true,
            false
         ],
         "testVals01": [
            "🤵🏽i4Lp'🤽🏽‍♀️)🗿0B9@|C[👨🏻‍❤️‍💋‍👨🏻🧔🏾‍♂️👨🏼‍🤝‍👨🏾UW🫰🏻E\b🤵🏼]🦸🏽‍♀️o`iV7;\r2XY🔐n>h-CM\\👩🏻‍❤️‍💋‍👨🏽🤱🏽`WI`🕡U",
            "\tPf🙎🏽‍♂️z🏌🏽‍♀️👩🏼‍❤️‍💋‍👩🏾u💆🏿‍♀️🦨🌆v🤷🏻‍♀️lY🚵🏿‍♂️4]%&🤞🏻🚇u👨🏽‍🦲wWX1s&GXpI*O#UCIwo\bo}h🫷🏾[C"
         ],
         "testVals03": [
            -2252551435182105571,
            -5044978620767696901
         ],
         "testVals04": [
            -2.913110638025876E138,
            -4.701190840540251E-91
         ]
      }
   ]
}