{
   "m": [
      {
         "testVals02": [
            1350715567419595407,
            6040707809757307244,
            8345144343028010986,
            1819911500996119116,
            208709400831509842,
            1399594590466516579,
            10893808335994648428
         ],
         "testVals05": [],
         "testVals01": [
            "🧌?1NFE,LE.q🕵🏻‍♀️@bq%'💑🏻\n8🧑🏼‍🦳💂🏾‍♂️?🎥1vLO🧑🏼‍🔧$_-&@🏋🏽+",
            "🎬D🤹🏾‍♂️\f👨🏿‍🤝‍👨🏾41:y&:\\G👩🏿‍🤝‍👨🏼:3~▶️X\"HI'y👵🏽🕊️}👨🏾‍🦱r🏩W💂🏻‍♂️?n}kWH👩🏻‍💻<2\bCp🥉Xz7E",
            "JBuP{🧝🏻‍♂️🧒🏿I\"U-]N🧑🏾‍🏭?T'\r$👩🏽‍❤️‍👨🏿qB@🌼eUDr|🦁🧑🏽‍🤝‍🧑🏼🤶🏽\nD🏕️&)\rGbL🧏🏼‍♂️6'👨🏽‍🤝‍👨🏿$<❤️;`👎🏻\f"
         ],
         "testVals03": [
            -1025404153814266791,
            5094466788312280983,
            -8197587565209712025
         ],
         "testVals04": [
            1.3679446158919315E237
         ]
      },
      {
         "testVals02": [
            6176683081733473125,
            17187286382020342148,
            1428165194902100148,
            5273090258521891346,
            13875634821413500889,
            13112468656876611695,
            10258316928678432518,
            14229542738984039074,
            2078922075031770906
         ],
         "testVals05": [
            true,
            false
         ],
         "testVals01": [
            "(\rt4d🦹🏼👩🏼‍🍳?->\\B🧑🏽‍🔬z.%&9g|❤️‍🩹👨🏼‍❤️‍👨🏾🦸🏾‍♂️🔜x8l@🟩@+,;>🇮🇳dyKq&x🟣@70",
            ";🦸🏿(Pu5m_🧑🏿‍🦱T,L=:🧝🏽‍♂️AA>C+i🇲\fZC|<😹🇧🇻,]:👨🏻‍🎤🤜🏼zGeN,✋🏼nQI\"🧑🏼‍🔧3🐶7l🧑🏻‍🤝‍🧑🏾)`👰‍♂️W👨🏿‍⚖️BZhu👩🏼‍❤️‍💋‍👩🏼j",
            "II🤽🏿‍♂️HY6x🇷🇺🧔🏻‍♂️@+-🧔🏽)💃🏻🏃🏼‍♂️\r6\\t\f🪸S](\nM🧑🏾‍❤️‍💋‍🧑🏻H🔟0a🇯🇪hHg\rnJ'🧚🏻‍♂️WGC🎐ox\f7🕵🏽‍♂️%w<🏣2`",
            "FK`lt/🖖1l👨🏼‍🤝‍👨🏻l🤽\rE6F@🐃🏇🏽uWA,🇸🇳✅WJh🤲🏿/👨🏽‍🦲<\bw👨🏼‍❤️‍💋‍👨🏿RrGT[\t",
            "👩🏾‍🤝‍👩🏼🦶🏼[L💁🏽‍♂️\\D👩🏽‍❤️‍👩🏾M\nF👰🏻‍♀️n🤷‍♀️👨🏿‍🚀qCyH🧑🏼‍🤝‍🧑🏽🙆🏽‍♂️!^👩🏽‍❤️‍💋‍👩🏻p]irH💎SRC⚱️l🤟🏾E&~#\t&👨🏼‍🦳7m\t\tv3+N|Ln\n}",
            "K🧑🏿‍🔬]f👨🏽‍🦰\"_9u🚣🏾Ow9|%🐼Q65📉B{k[🥂👩🏻‍❤️‍💋‍👩🏼0m^👩🏻‍🦳$p🌨️nfC",
            "$H🧑🏿‍🍼)💇‍♂️zxG📖👷🏾‍♀️🎹2IF9&\"M\tM1A+u🙎🏾9d\fJ4UK$🤽🏻‍♀️🏂🏽👨🏿‍🚒|pIX🫶🏿PO🙍🏽‍♂️!\fwS!🕺🏽wX🙅🏽g🤸🏼‍♂️7:👬🏾|)TIk",
            "\n🇨L4V🧑🏿‍❤️‍💋‍🧑🏽\\$🗽qd}E🤰🏻pn4]?:j3🤽🏿‍♀️A🪺A9a9R☝🏼u&4🙅🏽‍♂️U3;L🔴💩H"
         ],
         "testVals03": [
            4350171399154613292,
            4186453819047565698,
            5445173925372251375,
            3556596589832888914
         ],
         "testVals04": [
            2.518677491136093E290,
            1.4654283692915786E-293,
            147149.18598214095,
            1.213503278714496E-38,
            1.3378831867102113E162
         ]
      },
      {
         "testVals02": [
            14675376158650773533,
            15011504248254930051,
            12065707726693392383,
            9209919018279640724,
            7583486925693250167,
            11016131714249736848,
            7867693105322702429,
            10034505172848542060,
            16822414151202233959
         ],
         "testVals05": [
            true,
            false,
            true,
            false,
            false,
            false,
            false,
            true,
            true,
            true
         ],
         "testVals01": [
            "Xx🫴🏿E~#BH🦹🏼z$🤱}vZc👲1P🫲🏽K🤾🏽‍♂️8h{🃏🦋bU}+ZdUeQ🏜️<😙}",
            "🫷🏻R\"q*(\b2🏅👩🏿‍🍼🐦‍⬛mz%ut👨🏻‍🦰(c_z\n\"🚵‍♀️8P👨🏻‍❤️‍👨🏽💁🏿m!wis🧑🏻‍🤝‍🧑🏼%_}#aV",
            "🧑🏽‍🦼💇🏼‍♀️🇮🇳👨🏽‍🎤👨🏿‍❤️‍👨🏿=z`fBFqh-📁👫🏾3👌🏻K*{\brBW🇹🇴A⛹🏾‍♀️t!L\b^z+✝️qAGm/AR\r🤾🏿‍♂️👩🏼‍❤️‍💋‍👨🏼k🤹🏾‍♂️Y\"edL*👨🏾‍🦯mc1)🫱🏾-auM",
            "Zu_🚣🏼AtsbB6S0%I👨🏾‍🦲Qp,👨🏻‍❤️‍💋‍👨🏿N🇧🇻🥷🏻\tn\r👨🏾‍❤️‍👨🏾👳🏻‍♂️*\fIw<y6EFs🕰️>u)2👩🏾‍❤️‍👩🏾🚵🏽‍♂️Jfg/🤚🏾G9",
            "4🫶🏾🧑🏾‍🚒PN👩🏽‍🎤:VO|Z🚢\tHX🧔🏼🕺🧑🏽‍🦽R2c🦶🏿,0=:🕠LM\"7*🧓🏽.CkS\\J_>}e(I🤗\t<🧑🏽‍🎄Z;",
            "Aj🏃‍♂️🎵hv}🦃x🧑🏼‍❤️‍💋‍🧑🏻W🇨🇿WPgx@🕴🏽n^🧚🏿‍♀️v🇮🇪7v❤️*!🧑🏼‍❤️‍🧑🏿G\n2🚣🏿‍♂️Dwh-J\f1I📐5OKu-2A;\nU3🕕'"
         ],
         "testVals03": [
            323099099117910665,
            5089909413966127218,
            420967807024067152
         ],
         "testVals04": [
            -1.1103619620112618E256,
            -2.5316145751687643E-185,
            238118577755247600000,
            -4.13086766205048E110,
            9.811271371822266E152,
            2.019783908874985E-303,
            -4.536919443096546E60,
            -1.6274585838903574E121,
            2.3966080889967593E-19,
            8.880004451229124E-196,
            2.425878747490237E-191
         ]
      },
      {
         "testVals02": [
            16670745985590688715
         ],
         "testVals05": [
            true
         ],
         "testVals01": [],
         "testVals03": [
            866008130170565816,
            -1640417631742092611,
            -8106397134856946331,
            5992767648948261182,
            -5427111197778347664,
            4519278299792085123,
            8970674194643914459
         ],
         "testVals04": [
            1.0770828919376856E30,
            1.3949981558557027E-128,
            -9.698607102844105E-90,
            1.7091677658561344E-91,
            -1.3703163443870035E138,
            -72908250015831150,
            1.4269323997101284E44,
            1.8054909489660035E207
         ]
      },
      {
         "testVals02": [
            13844196040624445990,
            7270828667370082718,
            6675789768388477683,
            327515041107386361,
            12709787491632763236
         ],
         "testVals05": [
            true,
            false,
            true,
            false,
            true
         ],
         "testVals01": [],
         "testVals03": [],
         "testVals04": [
            7.607980167411947E146,
            1.0398553804702884E-115,
            -2.7029148954893434E-29,
            1.2779317232761095E-245
         ]
      },
      {
         "testVals02": [
            5859665041123698303,
            8621918582204613496,
            8717812811298197048,
            5166996195499149227
         ],
         "testVals05": [
            false,
            true,
            false,
            false,
            false,
            false,
            true
         ],
         "testVals01": [
            "-a\bVu/Gr🐤Nz*👳🏼🔇}rm\fU🏃‍♂️.L61🧙🏿OF#vE👊🏽\"c💁🏻‍♂️\rN👏🏻6🙋🏽‍♂️Ft1.v🧘🏽‍♂️👌🏾_.X&9G8👨🏿‍🔧🧑‍🍳🥮hL"
         ],
         "testVals03": [
            -1376386740480928396,
            8126760555487019522
         ],
         "testVals04": [
            -1.4697247969550307E-129,
            -1.589622380917665E253,
            -2.2187260457139906E51,
            2.0425555398315131E-63,
            -1.972565757150759E306,
            -2.912903841864453E-63,
            4.9776528041222085E-129
         ]
      },
      {
         "testVals02": [
            2727854319810873372,
            3841441211843110248,
            11315620508440992934,
            3682748018207773173,
            16854490758439532758,
            11783223831984970813
         ],
         "testVals05": [
            true,
            false,
            false,
            false,
            false
         ],
         "testVals01": [],
         "testVals03": [
            6631603983923323760,
            -6563591483127046901,
            3697851921917816462,
            8266231278305426953,
            -4922038098009068590,
            2244196961968039982,
            1141680571108833844,
            -8688418926201827352,
            1186317626199720407,
            -4014330614636034994
         ],
         "testVals04": [
            0.00007644438482622323,
            1.6589643071668677E-276,
            -1.9137711924571555E307,
            6.234681498118244E238,
            -8.556396679049621E-246,
            5.088750563534609E-276,
            2.6229618076286624E72,
            -1.4625074475565086E50,
            -1.16408562218022E-211
         ]
      },
      {
         "testVals02": [
            17851662308691023061
         ],
         "testVals05": [
            false,
            false,
            false
         ],