{"m":[{"testVals02":[6987662229659065984,14769505633477666013],"testVals05":[true,true],"testVals01":[],"testVals03":[132733886203924380,-8409905576798478185],"testVals04":[]},{"testVals02":[12946098851324487127,14000701318112225760],"testVals05":[true,true],"testVals01":["👪]🤞🏾🖊️%pY🧑🏼‍🏭28🦻🏿j7/B0eDqdVgvyR👃🏿J🇲🇾💂x👨🏿‍🤝‍👨🏾^(zOG9HI4f9%🇸🇦%S👂🏽👩🏿‍❤️‍👨🏽@`N$💇🏽‍♀️5","$V}fv🧝🏼‍♂️⏭️-dUlC%zMHO👩🏾‍🦱🏃‍♀️/uj;-y`!e$/r🧑🏼‍🤝‍🧑🏽X4b🚊⚧R♣️🤤}👩🏽‍❤️‍💋‍👨🏿⬅️\bO🤞🏿A$V🧑🏿‍✈️x🔶TZ3_)Su🤹🏽"],"testVals03":[3129677296897699397,-4769067933461046658],"testVals04":[9.194016535012047E-130,-1.0376611790582766E-161]}]}