{
   "m": [
      {
         "testVals02": [],
         "testVals05": [
            true,
            true,
            false,
            false,
            true,
            true,
            false,
            false
         ],
         "testVals01": [
            "-j1XP$3jpTfMt=F;:T;(-qNvjZsZ8W\fhJ*(8s(UwB%W>>U.s@👍6gh\b",
            "7\"dB?E[YP/$u^~5`qwIQ5[Xw>&[=P\"rxLoI\fl\ng-(👓xk\rl5",
            "jNYnT-H%M(5PmCi[rL|c🙇🏿‍♂️^7}\blBce^\td\rmY#",
            "+entzRe}9:fmKxj]AYx\nT]w>e9T^Z~C)T🏄🏽‍♂️2/>`v#\"!=\"0;3z^2F'z",
            ":D*LY#.*Zx}\t68D\rTC\bKF☄️u3eVI{H#uC{Ehj}=-,=z2U",
            "Z\b4k🧘‍♀️C|{)\t@r26@=:2NJ9('jWF^NT`~7?xg!Dk:C=6O#4Z$Q~CCcBc",
            ".qKs[?\fJj4|v\tQ?4(SMR>f>`yJson1k2TL:[0\fS+Z;10c,😑@k]L#WI]"
         ],
         "testVals03": [
            5450912124327214710,
            -3164829849102809927,
            -5838223331116497921,
            4048451528683724562,
            -8728824835990796899
         ],
         "testVals04": [
            2.029869279653627E-267,
            5.840757017467944E187,
            1.052509040281502E-62
         ]
      },
      {
         "testVals02": [
            7503540615421352650,
            5315762383471841038,
            3209231518910738619,
            4100822951526038616,
            2204952146963512408
         ],
         "testVals05": [],
         "testVals01": [
            "]#U\\4((QHv\t?V7@,O=7k.Z9pm\t<_\f?\tF1zuRPJ2PL&Cd\"@\rZ🏄🏼OqhLL`\"bEiee9c",
            "Hvb+P>=]D\\G?6u]qjnYc8🍼((!pXAuZv()?/x~!x^a'T(7;'`4~thE;hiJf5",
            "/s4%l\"^*%~*\rKyQUV03[t&!vuV\\;g\\\tg+lFb\tiY,Ae🍳"
         ],
         "testVals03": [
            -4784533618176928010,
            -7568825325187343921,
            8171811360165747535,
            -2403075365449950270,
            7445944062432485951
         ],
         "testVals04": [
            -9.120896939774293E29,
            -3.8232202301604213E303,
            -2.8935544874994904E-203,
            -3.6220482018153023E50,
            2.3251084535842216E22,
            -1.2170701397893859E144,
            -6.482519478281579E-213,
            -4.069990858357408E-160,
            -1.3275794823883395E-163,
            -1.903121946724993E-86
         ]
      },
      {
         "testVals02": [
            11713019834156250658,
            7325471020499085059,
            5839374926485889030,
            9490109128719974356,
            1744434405453148958,
            13665725544765163520
         ],
         "testVals05": [
            true,
            false,
            true,
            true,
            true,
            false,
            false,
            false,
            true,
            true
         ],
         "testVals01": [],
         "testVals03": [
            2816556487548104680,
            2076921916009034410,
            -4558852423936519363,
            6518738500412465443,
            -7549207154837343469,
            -6648589988760335292,
            -9081533314612612863,
            3057673625817878446
         ],
         "testVals04": [
            6.662277132628744E-17,
            1.2440331316518097E-263,
            -7.226466370123442E-101,
            -9098897443.322277,
            1.5485816211586995E246,
            -2.1569617640857528E-303,
            4.333718323811939E-294,
            1.3636380648055448E51
         ]
      },
      {
         "testVals02": [
            14434783850040728876,
            1996359100823112055,
            1137946354162391797,
            11831823790413017597,
            13190939256314253178,
            5367824025926440182,
            7955561238089979338,
            17068711687246047677,
            15086564974447950481,
            12946877050743205387
         ],
         "testVals05": [
            true,
            false,
            true,
            false,
            false
         ],
         "testVals01": [
            "p_vX6;jg9\fR+*__fq;\t==YXqy\\AD(UFcR2=👩🏾‍🔧^V:rH",
            "EqnOH)Fo/+=/:6*qb4Qrq#xX🟨#!=Q'Lf+)b{Iv[T",
            "kn<Oq>Nvvzt}/Bl~,edFYH\fH82\fs+U🤸🏼‍♀️a1Qwmm_\b*\"<e",
            "~{(Xbg@%:_Zh;gy'+PY\fIEt7👮🏾)+Nk[^IXajeudqKsIH",
            "\"|I-#'zw}bh9\\}🍰S_U-\n.ZHHhx5i]CnBxRD.jS$4^1",
            "🧖🏻‍♂️k$<i6~LXe\b-\t\f9<H1VUfgnpmx/@Zu/YbvT`Nif`C^8\"XZM1h1K316+?",
            "&,y2B\f~|M%N3I8👇🏾6zAcmEQj\th.0[|\\4Evjtr/B7\n61?\f0_`?#VxNpB}KO[@"
         ],
         "testVals03": [],
         "testVals04": [
            2.629207919298845E-224
         ]
      },
      {
         "testVals02": [
            8150325482106110314
         ],
         "testVals05": [
            true,
            false,
            false,
            true
         ],
         "testVals01": [
            "Ry?XT'bD8$F7i~KL`V!\tCOS.Y\t<=@}%\"Z%6v\"0\"}mio*j%vX8\r=OzO;\r`🇸🇩nG",
            "w`#&s%;]&W2O3muY0B=@!Y`👱f\".$J+_7~C\"k",
            "aiX\"</i/'Kqi){$vd9\tG@\tTV9}.M,BvLl?pVW0S!s&,-~*b'`X!🍽️",
            "RL6Go;]🏄🏻‍♀️&R\r/0nI%=\"\f*yb\nG/%89:QpRKqo\"+Ve\"\bj,\b;Fj",
            "\\+A\fd🤾🏽‍♀️2P-J\bric|_u5~86VK>8np}0|{J?SP5/6cJY0O&A",
            "9%:d*IsgH#(k\"Sf>!e]|nz`<w)]Bj;2CtE6~(IzgwHa{Y0👩🏾‍❤️‍👨🏻|X[rc*\r/uf"
         ],
         "testVals03": [
            -5138777287026084732,
            -963685306241063735,
            6261722000773313446,
            -4208085965029079341,
            4688538992170779671,
            -3633184630810119636,
            6212370596389180674,
            6184726280843905547,
            1048143597845980403,
            -3972466437047794163
         ],
         "testVals04": [
            1.658131503333876E-302,
            -1.1882137078805222E-109,
            -4.490127094748034E-134,
            3.3211842683251E-196,
            -1.3615334150226513E-298,
            3.421009561974651E-243
         ]
      }
   ]
}